use felipe;

insert into estado(sgEstado, nmEstado)
values ('AC','Acre'),
('AL','Alagoas'),
('AP','Amapá'),
('AM','Amazonas'),
('BA','Bahia'),
('CE','Ceará'),
('ES','Espírito Santo'),
('GO','Goiás'),
('MA','Maranhão'),
('MT','Mato Grosso'),
('MS','Mato Grosso do Sul'),
('MG','Minas Gerais'),
('PA','Pará'),
('PB','Paraíba'),
('PR','Paraná'),
('PE','Pernambuco'),
('PI','Piauí'),
('RJ','Rio de Janeiro'),
('RN','Rio Grande do Norte'),
('RS','Rio Grande do Sul'),
('RO','Rondônia'),
('RR','Roraima'),
('SC','Santa Catarina'),
('SP','São Paulo'),
('SE','Sergipe'),
('TO','Tocantins'),
('DF','Distrito Federal');

insert into cidade(cdCidade, nmCidade, sgEstado)
values (1, 'Rio Branco', 'AC'),
       (2, 'Feijó', 'AC'),
       (3, 'Sena Madureira', 'AC'),
       (4, 'Maceió', 'AL'),
       (5, 'Arapiraca', 'AL'),
       (6, 'Penedo', 'AL'),
       (7, 'Macapá', 'AP'),
       (8, 'Santana', 'AP'),
       (9, 'Laranjail do Jari', 'AP'),
       (10, 'Manaus', 'AM'),
       (11, 'Parintins', 'AM'),
       (12, 'Itacoatiara', 'AM'),
       (13, 'Salvador', 'BA'),
       (14, 'Feira de Santana', 'BA'),
       (15, 'Vitória da Conquista', 'BA'),
       (16, 'Fortaleza', 'CE'),
       (17, 'Juazeiro do Norte', 'CE'),
       (18, 'Sobral', 'CE'),
       (19, 'Brasília', 'DF'),
       (20, 'Sobradinho', 'DF'),
       (21, 'Planaltina', 'DF'),
       (22, 'Vitória', 'ES'),
       (23, 'Vila Velha', 'ES'),
       (24, 'Serra', 'ES'),
       (25, 'Goiânia', 'GO'),
       (26, 'Anapolis', 'GO'),
       (27, 'Rio Verde', 'GO'),
       (28, 'São Luís', 'MA'),
       (29, 'Imperatriz', 'MA'),
       (30, 'Caxias', 'MA'),
       (31, 'Cuiabá', 'MT'),
       (32, 'Rondonópolis', 'MT'),
       (33, 'Sinop', 'MT'),
       (34, 'Campo Grande', 'MS'),
       (35, 'Dourados', 'MS'),
       (36, 'Três Lagos', 'MS'),
       (37, 'Belo Horizonte', 'MG'),
       (38, 'Uberlândia', 'MG'),
       (39, 'Juiz de Fora', 'MG'),
       (40, 'Belém', 'PA'),
       (41, 'Santarém', 'PA'),
       (42, 'Marabá', 'PA'),
       (43, 'João Pessoa', 'PB'),
       (44, 'Campina Grande', 'PB'),
       (45, 'Patos', 'PB'),
       (46, 'Curitiba', 'PR'),
       (47, 'Londrina', 'PR'),
       (48, 'Maringá', 'PR'),
       (49, 'Recife', 'PE'),
       (50, 'Olinda', 'PE'),
       (51, 'Caruaru', 'PE'),
       (52, 'Teresina', 'PI'),
       (53, 'Parnaíba', 'PI'),
       (54, 'Picos', 'PI'),
       (55, 'Rio de Janeiro', 'RJ'),
       (56, 'Niteroi', 'RJ'),
       (57, 'Petropolis', 'RJ'),
       (58, 'Natal', 'RN'),
       (59, 'Mossoró', 'RN'),
       (60, 'Parnamirim', 'RN'),
       (61, 'Porto Alegre', 'RS'),
       (62, 'Caxias do Sul', 'RS'),
       (63, 'Pelotas', 'RS'),
       (64, 'Porto Velho', 'RO'),
       (65, 'Ariquemes', 'RO'),
       (66, 'Ji-Paraná', 'RO'),
       (67, 'Boa Vista', 'RR'),
       (68, 'Rorainópolis', 'RR'),
       (69, 'Caracaraí', 'RR'),
       (70, 'Florianópolis', 'SC'),
       (71, 'Joinville', 'SC'),
       (72, 'Blumenau', 'SC'),
       (73, 'São Paulo', 'SP'),
       (74, 'Campinas', 'SP'),
       (75, 'São Bernardo do Campo', 'SP'),
       (76, 'Aracaju', 'SE'),
       (77, 'Itabaiana ', 'SE'),
       (78, 'Nossa Senhora do Socorro', 'SE'),
       (79, 'Palmas', 'TO'),
       (80, 'Araguaína', 'TO'),
       (81, 'Gurupi', 'TO');
       
insert into bairro(cdBairro, nmBairro, CdCidade, sgEstado)
values  (1, 'Bosque', 1, 'AC'),
		(2, 'Aviário', 1, 'AC'),
		(3, 'Centro', 2, 'AC'),
		(4, 'Rural', 2, 'AC'),
		(5, 'Nova Esperança', 3, 'AC'),
		(6, 'Centro', 3, 'AC'),
		(7, 'Ponta verde', 4, 'AL'),
		(8, 'Jatiuca', 4, 'AL'),
		(9, 'Verdes Campos', 5, 'AL'),
		(10, 'Cacimbas', 5, 'AL'),
		(11, 'Dom Constantino', 6, 'AL'),
		(12, 'Centro', 6, 'AL'),
		(13, 'Buritizal', 7, 'AP'),
		(14, 'Trem', 7, 'AP'),
		(15, 'Nova Brasília', 8, 'AP'),
		(16, 'Hospitalidade', 8, 'AP'),
		(17, 'Comercial', 9, 'AP'),
		(18, 'Cabralzinho', 9, 'AP'),
		(19, 'Adrianópolis', 10, 'AM'),
		(20, 'Ponte negra', 10, 'AM'),
		(21, 'Teixeirão', 11, 'AM'),
		(22, 'Itauna II', 11, 'AM'),
		(23, 'Vila Londoia', 12, 'AM'),
		(24, 'Centro', 12, 'AM'),
		(25, 'Acupe de Brotas', 13, 'BA'),
		(26, 'Alphaville I', 13, 'BA'),
		(27, 'Sobradinho', 14, 'BA'),
		(28, 'Pampalona', 14, 'BA'),
		(29, 'Recreio', 15, 'BA'),
		(30, 'Patagônia', 15, 'BA'),
		(31, 'Meireles', 16, 'CE'),
		(32, 'Cocó', 16, 'CE'),
		(33, 'Jardim Gonzaga', 17, 'CE'),
		(34, 'Lagoa seca', 17, 'CE'),
		(35, 'Campo dos velhos', 18, 'CE'),
		(36, 'Renato parente', 18, 'CE'),
		(37, 'Asa Sul', 19, 'DF'),
		(38, 'Asa Norte', 19, 'DF'),
		(39, 'Grande colorado', 20, 'DF'),
		(40, 'Alto da boa vista', 20, 'DF'),
		(41, 'Vale do amanhecer', 21, 'DF'),
		(42, 'Vila nossa senhora de Fátima', 21, 'DF'),
		(43, 'Jardim Cambori', 22, 'ES'),
		(44, 'Santa Lúcia', 22, 'ES'),
		(45, 'Praia de itaparica', 23, 'ES'),
		(46, 'Praia da costa', 23, 'ES'),
		(47, 'Barcelona', 24, 'ES'),
		(48, 'Jacaraipa', 24, 'ES'),
		(49, 'Setor marista', 25, 'GO'),
		(50, 'Parque Amazônia', 25, 'GO'),
		(51, 'Jundiaí', 26, 'GO'),
		(52, 'Bairro Cidade Jardim', 26, 'GO'),
		(53, 'Parque dos jatobás', 27, 'GO'),
		(54, 'Setor Central', 27, 'GO'),
		(55, 'Maioba', 28, 'MA'),
		(56, 'Alto do calhau', 28, 'MA'),
		(57, 'Nova Imperatriz', 29, 'MA'),
		(58, 'Centro', 29, 'MA'),
		(59, 'Nova Caxias', 30, 'MA'),
		(60, 'Seriema', 30, 'MA'),
		(61, 'Duque de Caxias', 31, 'MT'),
		(62, 'Ribeirão do lipa', 31, 'MT'),
		(63, 'Vila Adriana ', 32, 'MT'),
		(64, 'Centro', 32, 'MT'),
		(65, 'Eunice', 33, 'MT'),
		(66, 'Aquarela das Artes', 33, 'MT'),
		(67, 'Vila Morumbi', 34, 'MS'),
		(68, 'Monte castelo', 34, 'MS'),
		(69, 'Porto Seguro', 35, 'MS'),
		(70, 'Centro', 35, 'MS'),
		(71, 'Village do Lago', 36, 'MS'),
		(72, 'Centro', 36, 'MS'),
		(73, 'Buritis', 37, 'MG'),
		(74, 'São Pedro', 37, 'MG'),
		(75, 'Santa Mônica', 38, 'MG'),
		(76, 'Novo mundo', 38, 'MG'),
		(77, 'Centro', 39, 'MG'),
		(78, 'São Mateus', 39, 'MG'),
		(79, 'Umarizal', 40, 'PA'),
		(80, 'Marco', 40, 'PA'),
		(81, 'Aprecida', 41, 'PA'),
		(82, 'Aldeia', 41, 'PA'),
		(83, 'Cidade Nova', 42, 'PA'),
		(84, 'Mirante do vale', 42, 'PA'),
		(85, 'Bessa ', 43, 'PB'),
		(86, 'Cabo Branco', 43, 'PB'),
		(87, 'Serrotão', 44, 'PB'),
		(88, 'Três irmãs', 44, 'PB'),
		(89, 'Centro', 45, 'PB'),
		(90, 'Santo Antônio', 45, 'PB'),
		(91, 'Bairro alto', 46, 'PR'),
		(92, 'Centro', 46, 'PR'),
		(93, 'Aurora', 47, 'PR'),
		(94, 'Parque Jamaica', 47, 'PR'),
		(95, 'Jardim Munique', 48, 'PR'),
		(96, 'Jardim alvorada', 48, 'PR'),
		(97, 'Boa Viagem', 49, 'PE'),
		(98, 'Madalena', 49, 'PE'),
		(99, 'Casa caída', 50, 'PE'),
		(100, 'Bairro novo', 50, 'PE'),
		(101, 'Indianopolis', 51, 'PE'),
		(102, 'Universitário', 51, 'PE'),
		(103, 'Uruguai', 52, 'PI'),
		(104, 'Fátima', 52, 'PI'),
		(105, 'Sabiazal', 53, 'PI'),
		(106, 'Reis Veloso', 53, 'PI'),
		(107, 'Passagem das pedras', 54, 'PI'),
		(108, 'Bomba', 54, 'PI'),
		(109, 'Copacabana', 55, 'RJ'),
		(110, 'Ipanema', 55, 'RJ'),
		(111, 'Icaraí', 56, 'RJ'),
		(112, 'Itaipu', 56, 'RJ'),
		(113, 'Itaipava', 57, 'RJ'),
		(114, 'Centro', 57, 'RJ'),
        (115, 'Ponta negra', 58, 'RN'),
		(116, 'Lagoa nova', 58, 'RN'),
		(117, 'Rincao', 59, 'RN'),
		(118, 'Bela vista', 59, 'RN'),
		(119, 'Nova Parnamirim', 60, 'RN'),
		(120, 'Parque das nações', 60, 'RN'),
		(121, 'Petrópolis', 61, 'RS'),
		(122, 'Humaitá', 61, 'RS'),
		(123, 'Centro', 62, 'RS'),
		(124, 'Panazzolo', 62, 'RS'),
		(125, 'Fragata', 63, 'RS'),
		(126, 'Centro', 63, 'RS'),
		(127, 'Rio madeira', 64, 'RO'),
		(128, 'Aponiã', 64, 'RO'),
		(129, 'Rota do sol', 65, 'RO'),
		(130, 'Setor 03', 65, 'RO'),
		(131, 'Casa preta', 66, 'RO'),
		(132, 'Urupa', 66, 'RO'),
		(133, 'Cidade satélite', 67, 'RR'),
		(134, 'Paraviana', 67, 'RR'),
		(135, 'Centro', 68, 'RR'),
		(136, 'Caroebe', 68, 'RR'),
		(137, 'Bairro Novo', 69, 'RR'),
		(138, 'Centro', 69, 'RR'),
		(139, 'Campeche', 70, 'SC'),
		(140, 'Centro', 70, 'SC'),
		(141, 'América', 71, 'SC'),
		(142, 'Sanguaçú', 71, 'SC'),
		(143, 'Velha', 72, 'SC'),
		(144, 'Progresso', 72, 'SC'),
		(145, 'Santana', 73, 'SP'),
		(146, 'Pinheiros', 73, 'SP'),
		(147, 'Cambuí', 74, 'SP'),
		(148, 'Centro', 74, 'SP'),
		(149, 'Baeta  Neves', 75, 'SP'),
		(150, 'Centro', 75, 'SP'),
		(151, 'Luzia ', 76, 'SE'),
		(152, 'Jardins', 76, 'SE'),
		(153, 'Oviedo Teixeira', 77, 'SE'),
		(154, 'Rosa Elze', 77, 'SE'),
		(155, 'São bras', 78, 'SE'),
		(156, 'Centro', 78, 'SE'),
		(157, 'Plano diretor Sul', 79, 'TO'),
		(158, 'Graciosa', 79, 'TO'),
		(159, 'Setor central', 80, 'TO'),
		(160, 'São João', 80, 'TO'),
		(161, 'Setor Central', 81, 'TO'),
		(162, 'Residencial Jardim América', 81, 'TO');
        
        insert into compradores (cdComprador, nmComprador, nmEnderecocomprador, nrCPFComprador, cdCidade, cdBairro, sgEstado, telComprador)
values	(1, 'Roberto Gustavo Mendes', 'Rua Antunes de Alencar, 545', '14753312232', 1, 1, 'AC', '68999066292'),
		(2, 'Luan Iago Arthur Ribeiro', 'Rua da Misericórdia, 933', '16936857795', 56, 111,'RJ', '21983144011'),
		(3, 'Márcio Raimundo da Rosa', 'Rua Francisco Virgílio de Vasconcelos, 755', '71384297383', 16, 31, 'CE', '85997492925'),
		(4, 'Caio Manuel Otávio Viana', 'Rua Abílio José Tannus, 320', '99478324810', 73, 145, 'SP', '11997331438'),
		(5, 'Heitor Vinicius Cauê Duarte', 'Alameda dos Tupiniquins, 483', '71275417876', 73, 146, 'SP', '11997449314'),
		(6, 'Larissa Carolina Farias', 'Rua Rio Amatari, 869', '10949094242', 10, 19, 'AM', '92989339936'),
		(7, 'Antônia Sabrina Tatiane Peixoto', 'Rua Uta, 123', '31467887218', 10, 20, 'AM', '92989725597'),
		(8, 'Lorenzo Cláudio Lorenzo das Neves', 'Rua da Tranqüilidade, 143', '44742091507', 13, 25, 'BA', '71997040313'),
		(9, 'Louise Camila Fernandes', 'Rua Silveira Martins, 843', '16769171520', 13, 26, 'BA', '71985298133'),
		(10, 'Nicolas Nicolas Severino Almeida', 'Rua Extrema, 824', '61497402425', 49, 97, 'PE', '81982918160');

insert into vendedor (cdVendedor, nmVendedor, nmEndereco, nrCPF, cdCidade, cdBairro, sgEstado, telefone, dataNASC)
values (1, 'Emilly Nair Mariane Fernandes', 'Rua Canuto de Aguiar, 80', '82034545346', 16, 31, 'CE', '85988841193', '2004-07-15'),
(2, 'Calebe Thales Eduardo Melo', 'Rua Redentor, 249', '67582880722', 55, 110, 'RJ', 21984503290, '2004-03-06'),
(3, 'Emily Mirella da Mota', 'Rua Três dee Dezembro, 676', '41550192809',74, 148, 'SP', '11988092783', '1997-08-14'),
(4, 'Camila Antônia Tânia Mendes', 'Av Alphaville, 500', '99896927502', 26, 13, 'BA', '71985429359', '1999-04-16'),
(5, 'Igor Sebastião Cauê Brito', 'Rua Edgar Damasceno, 66', '87476958381', 16, 31, 'CE', '85988828542', '1992-07-18'),
(6, 'André João Arthur Viana', 'Rua Presidente Coutinho, 369', '68141100912', 70, 140, 'SC', '48983823334', '1999-08-15'),
(7, 'Henry Otávio Nascimento', 'Rua Bocaiúva, 2043', '42640069969', 70, 140, 'SC', '48989188248', '1999-02-17'),
(8, 'Calebe Ian Rezende', 'Quadra CLS 411 Bloco B, 380' , '47779052176', 19, 37, 'DF', '61996626578', '1999-07-08'),
(9, 'Isaac Davi José Ferreira', 'Rua Tibagi, 100', '73689601924', 46, 92, 'PR', '41989107271', '1999-06-18'),
(10, 'Sônia Larissa da Cunha', 'Rua Alfredo Pujol, 285', '06596784894', 73, 145, 'SP', '11983953323', '1999-02-15'),
(11, 'Vinicius Marcelo Sales', 'Quadra SQN 313 Bloco E, 579', '34208097191', 19, 38, 'DF', '61985914958', '1999-04-22'),
(12, 'Diogo Francisco Luiz Pinto', 'Estrada do Iguaíba, 19','78163709383' , 28, 55, 'MA', '98991753114', '1999-03-20'),
(13, 'Vicente Osvaldo Manuel Alves', 'Rua Tonelero, 154', '67594522753', 55, 109, 'RJ', '21991385912','1952-08-05'),
(14, 'Renato Nathan Novaes', 'Av Alphaville, 535', '80394679504', 26, 13, 'BA', '71986098409', '1999-07-15'),
(15, 'Carolina Francisca Jaqueline da Rosa', 'Rua da Caema, 20', '34391450348', 28, 56, 'MA', '98981631935', '1999-01-19');

INSERT INTO imovel (cdImovel, cdVendedor, cdBairro, cdCidade, sgEstado, nmEndereco, nrAreautil, nrAreatotal, vlPreco, stVendido, dataLancto)
VALUES 	(1, 1, 1, 1, 'AC', 'Rua da Alegria, 83', 00.00, 150.000, 390.00, 0, '2024-03-23'),
        (2, 2, 2, 1, 'AC', 'Estrada na Invernada, 563', 00.00, 109.00, 650.000, 0, '2024-05-22'),
        (3, 3, 3, 2, 'AC', 'Rua 21 de Dezembro, 428', 00.00, 270.00, 347.880, 0, '2024-09-17'),
        (4, 4, 4, 2, 'AC', 'Porto Acre, 00', 00.00, 40.00, 1600.00, 0, '2024-04-10'),
        (5, 5, 5, 3, 'AC', 'Rua Ana Viêira, 1050', 166.00, 180.00, 67.830, 0, '2024-08-29'),
        (6, 6, 6, 3, 'AC', 'Rua da Paz, 321', 130.00, 180.00, 100.00, 0, '2024-04-10'),
	    (7, 7, 7, 4, 'AL', 'Avenida Silvio Carlos Viana, 2035', 000.00, 100.00, 800.00, 0, '2024-08-15'),
        (8, 8, 8, 4, 'AL', 'Rua Vinícius Moraes, 661', 000.00, 64.00, 530.00, 0, '2024-09-03'),
        (9, 9, 9, 5, 'AL', 'Rua Dália Vermelha, 00', 00.00, 213.00, 299.990, 0, '2024-09-19'),
        (10, 10, 10, 5, 'AL', 'Rua Benedito Barros de Oliveira, 200', 00.00, 100.00, 299.000, 0, '2024-08-19'),
        (11, 11, 11, 6, 'AL', 'Rodovia Engenheiro Joaquim Gonçalves, 643', 000.00, 553.00, 513.00, 0, '2024-09-18'),
        (12, 12, 12, 6, 'AL', 'Penedo, 00', 0.00, 320.00, 30.000, 0, '2024-04-08'),
        (13, 13, 13, 7, 'AP', 'Avenida Caramuru, 1092', 00.00, 92.00, 600.000, 0, '2024-05-15'),
        (14, 14, 14, 7, 'AP', 'Rua Leopoldo Machado, 00', 00.00, 500.00, 2980.000, 0, '2024-06-08'),
        (15, 15, 15, 8, 'AP', 'Avenida Santana, 00', 00.00, 300.00, 340.000, 0, '2024-11-28'),
        (16, 16, 16, 8, 'AP', 'Avenida Dom Pedro I, 5555', 00.00, 180.00, 250.000, 0, '2024-04-14'),
        (17, 17, 17, 9, 'AP', 'Travessa Shallon, 125', 000.00, 105.00, 550.00, 0, '2024-04-14'),
        (18, 18, 18, 9, 'AP', 'Rodovia Duca Serra, 01', 00.00, 77.00, 290.00, 0, '2024-07-04'),
        (19, 19, 19, 10, 'AM', 'Rua Teresina, 243', 00.00, 142.00, 1249871.00, 0, '2024-06-24'),
        (20, 20, 20, 10, 'AM', 'Avenida Thales Loureiro, 1030', 00.00, 60.00, 311757.00, 0, '2024-02-06'),
        (21, 21, 21, 11, 'AM', 'Rua, 06', 00.00, 80.00, 170.000, 0, '2024-06-13'),
        (22, 22, 22, 11, 'AM', 'Alameda Dois, 3925', 00.00, 69.00, 57.900, 0, '2024-09-06'),
        (23, 23, 23, 12, 'AM', 'Av. Armindo Auzier, 00', 00.00, 4500.00, 349999.00, 0, '2024-06-29'),
        (24, 24, 24, 12, 'AM', 'Avenida 7 de Setembro, 25', 00.00, 500.00, 15000.000, 0, '2024-10-10'),
        (25, 25, 25, 13, 'BA', 'Rua Novo Horizonte, 41', 00.00, 50.00, 220.000, 0, '2024-09-20'),
        (26, 26, 26, 13, 'BA', 'Avenida Alphaville, 233', 00.00, 137.00, 1350.000, 0, '2024-01-11'),
        (27, 27, 27, 14, 'BA', 'Rua Arivaldo de Carvalho, 46', 00.00, 135.00, 1700.000, 0, '2024-09-17'),
        (28, 28, 28, 14, 'BA', 'Rua Sítio Novo, 567', 00.00, 130.00, 220.000, 0, '2024-09-12'),
        (29, 29, 29, 15, 'BA', 'Rua Lourival Cairo, 220', 00.00, 108.00, 485.000, 0, '2024-06-20'),
        (30, 30, 30, 15, 'BA', 'Rua Trinta, 100', 00.00, 78.00, 240.000, 0, '2024-06-05'),
        (31, 31, 31, 16, 'CE', 'Rua Canuto de Aguiar, 150', 00.00, 166.00, 2076291.00, 0, '2024-06-30'),
        (32, 32, 32, 16, 'CE', 'Rua Vilebaldo Aguiar, 590', 00.00, 123.00, 899.000, 0, '2024-06-22'),
        (33, 33, 33, 17, 'CE', 'Rua Antônio Correia Celestino, 0', 00.00, 178.00, 400.000, 0, '2024-09-13'),
        (34, 34, 34, 17, 'CE', 'Rua Maria Diva de Carvalho, 299', 00.00, 107.00, 490.000, 0, '2023-11-23'),
        (35, 35, 35, 18, 'CE', 'Rua Francisco Mouta Carneiro, 804', 00.00, 200.00, 400.000, 0, '2024-08-23'),
        (36, 36, 36, 18, 'CE', 'Rua Viviane Aguiar Holanda, 1076', 00.00, 196.00, 750.000, 0, '2023-09-14'),
        (37, 37, 37, 19, 'DF', 'SCS Quadra, 03', 00.00, 3090.00, 20000.000, 0, '2024-02-16'),
        (38, 38, 38, 19, 'DF', 'SGAN 912, 1', 00.00, 26.00, 269.000, 0, '2024-04-08'),
        (39, 39, 39, 20, 'DF', 'Rodovia DF-150, 00', 00.00, 354.00, 720.000, 0, '2024-01-22'),
        (40, 40, 40, 20, 'DF', 'Quadra 15, 01', 00.00, 200.00, 610.000, 0, '2024-06-05'),
        (41, 41, 41, 21, 'DF', 'Conjunto Residencial 87, 13', 00.00, 127.00, 110.000, 0, '2024-08-16'),
        (42, 42, 42, 21, 'DF', 'Quadra F Conjunto F-2, 31', 00.00, 140.00, 280.000, 0, '2024-05-13'),
        (43, 43, 43, 22, 'ES', 'Rua Mucio Auto Alencar, 89', 00.00, 85.00, 502.000, 0, '2024-09-20'),
        (44, 44, 44, 22, 'ES', 'Rua Professor Edmundo Malizech, 70', 00.00, 70.00, 700.000, 0, '2024-06-04'),
        (45, 45, 45, 23, 'ES', 'Rodovia do Sol, 1985', 00.00, 62.00, 565.000, 0, '2024-09-20'),
        (46, 46, 46, 23, 'ES', 'Avenida Afonso Pena, 101', 00.00, 56.00, 495.000, 0, '2024-09-03'),
        (47, 47, 47, 24, 'ES', 'Rua Itajubá, 54', 00.00, 90.00, 300.000, 0, '2024-09-20'),
        (48, 48, 48, 24, 'ES', 'Rua Santa Inês, 20', 00.00, 220.00, 320.000, 0, '2024-09-19'),
        (49, 49, 49, 25, 'GO', 'Rua 145, 60', 00.00, 139.00, 1650.000, 0, '2024-09-20'),
        (50, 50, 50, 25, 'GO', 'Avenida Rio Negro, 368', 00.00, 63.00, 450.000, 0, '2024-09-20'),
        (51, 51, 51, 26, 'GO', 'Avenida José Neto Paranhos, 02', 00.00, 87.00, 650.000, 0, '2024-09-20'),
        (52, 52, 52, 26, 'GO', 'Rua F, 33', 00.00, 72.00, 400.000, 0, '2024-09-23'),
        (53, 53, 53, 27, 'GO', 'Rua 2, 05', 00.00, 226.00, 1380.000, 0, '2024-09-14'),
        (54, 54, 54, 27, 'GO', 'Rua Coronel Vaiano, 521', 00.00, 162.00, 600.000, 0, '2024-09-21'),
        (55, 55, 55, 28, 'MA', 'Estrada da Maioba, 04', 00.00, 100.00, 370.000, 0, '2024-09-09'),
        (56, 56, 56, 28, 'MA', 'Estrada Velha Pimenta, 234', 00.00, 49.00, 340.000, 0, '2024-09-14'),
        (57, 57, 57, 29, 'MA', 'Rua Santo Cristo, 100', 00.00, 127.00, 249.700, 0, '2024-09-22'),
        (58, 58, 58, 29, 'MA', 'Rua Santa Tereza, 100', 00.00, 121.00, 239.100, 0, '2024-09-19'),
        (59, 59, 59, 30, 'MA', 'Travessa Duque de Caxias, 6496', 00.00, 127.50, 130.000, 0, '2024-07-06'),
        (60, 60, 60, 30, 'MA', 'Rua Santos Dumont, 262', 00.00, 142.00, 135.000, 0, '2024-06-29'),
        (61, 61, 61, 31, 'MT', 'Avenida Miguel Sutil, 1635', 00.00, 29.00, 450.000, 0, '2024-09-17'),
        (62, 62, 62, 31, 'MT', 'Avenida Mário Palma, 438', 00.00, 78.00, 209.900, 0, '2024-08-26'),
        (63, 63, 63, 32, 'MT', 'Alameda das Palmeiras, 00', 00.00, 132.00, 470.000, 0, '2024-08-16'),
        (64, 64, 64, 32, 'MT', 'Rua Floriano Peixoto, 00', 00.00, 100.00, 250.000, 0, '2024-09-11'),
        (65, 65, 65, 33, 'MT', 'Avenida dos Mognos, 236', 00.00, 223.00, 2950.000, 0, '2024-05-25'),
        (66, 66, 66, 33, 'MT', 'Avenida das Artes, 787', 00.00, 60.00, 450.000, 0, '2024-07-30'),
        (67, 67, 67, 34, 'MS', 'Rua Rio Bonito, 08', 00.00, 71.00, 285.000, 0, '2024-07-12'),
        (68, 68, 68, 34, 'MS', 'Rua Castro Faria, 30', 00.00, 180.00, 600.000, 0, '2024-09-19'),
        (69, 69, 69, 35, 'MS', 'Rua Porto Seguro, 23', 00.00, 225.00, 1800.000, 0, '2024-05-24'),
        (70, 70, 70, 35, 'MS', 'Rua Ediberto Celestino de Oliveira, 00', 00.00, 76.00, 350.000, 0, '2023-11-02'),
        (71, 71, 71, 36, 'MS', 'Avenida Jamil Jorge Salomão, 30', 00.00, 193.00, 1200.000, 0, '2024-07-08'),
        (72, 72, 72, 36, 'MS', 'Avenida Capitão Olinto Mancini, 66', 00.00, 183.00, 1200.000, 0, '2024-09-18'),
        (73, 73, 73, 37, 'MG', 'Rua Aripuana, 35', 00.00, 70.00, 460.000, 0, '2024-09-23'),
        (74, 74, 74, 37, 'MG', 'Rua Campo Belo, 288', 00.00, 120.00, 590.000, 0, '2024-09-18'),
        (75, 75, 75, 38, 'MG', 'Rua José Carrijo, 45', 00.00, 53.00, 270.000, 0, '2024-09-17'),
        (76, 76, 76, 38, 'MG', 'Rua Aurea Firmino Zacarias, 12', 00.00, 90.00, 500.000, 0, '2024-09-17'),
        (77, 77, 77, 39, 'MG', 'Avenida Barão do Rio Branco, 11', 00.00, 82.00, 235.000, 0, '2024-09-20'),
        (78, 78, 78, 39, 'MG', 'Rua Padre Café, 00', 00.00, 45.00, 189.000, 0, '2024-09-19'),
        (79, 79, 79, 40, 'PA', 'Rua Domingos Marreiros, 548', 00.00, 140.00, 90.000, 0, '2024-09-20'),
        (80, 80, 80, 40, 'PA', 'Travessa Timbó, 43', 00.00, 115.00, 60.000, 0, '2024-09-19'),
        (81, 81, 81, 41, 'PA', 'Avenida Presidente Vargas, 33', 00.00, 260.00, 1445822.00, 0, '2024-06-07'),
        (82, 82, 82, 41, 'PA', 'Avenida São Sebastião, 2845', 00.00, 65.00, 550.000, 0, '2024-02-13'),
        (83, 83, 83, 42, 'PA', 'Avenida São Francisco, 01', 00.00, 90.00, 320.000, 0, '2024-09-05'),
        (84, 84, 84, 42, 'PA', 'Alameda Aroeira, 29', 00.00, 72.00, 1350.000, 0, '2024-09-17'),
        (85, 85, 85, 43, 'PB', 'Rua Hermes Gomes Bezerra, 43', 00.00, 53.00, 323.000, 0, '2024-05-14'),
        (86, 86, 86, 43, 'PB', 'Rua Manuel Cavalcanti de Souza, 95', 00.00, 46.00, 330.000, 0, '2024-09-17'),
        (87, 87, 87, 44, 'PB', 'Rua Severino Bernardino Barbosa, 00', 00.00, 61.00, 170.000, 0, '2024-09-19'),
        (88, 88, 88, 44, 'PB', 'Rua Doutor Valder Roberto Silva , 00', 00.00, 40.00, 157.500, 0, '2024-09-13'),
        (89, 89, 89, 45, 'PB', 'Rua do Prado, 23', 00.00, 76.00, 288.000, 0, '2024-05-15'),
        (90, 90, 90, 45, 'PB', 'Rua Alto Casteliano, 530', 00.00, 210.00, 397.000, 0, '2023-12-07'),
        (91, 91, 91, 46, 'PR', 'Rua José de Oliveira Franco, 236', 00.00, 66.00, 348.900, 0, '2024-02-26'),
        (92, 92, 92, 46, 'PR', 'Avenida Sete de Setembro, 3551', 00.00, 44.00, 299.000, 0, '2024-06-18'),
        (93, 93, 93, 47, 'PR', 'Avenida José Gabriel de Oliveira, 915', 00.00, 67.00, 399.000, 0, '2024-09-20'),
        (94, 94, 94, 47, 'PR', 'Rua Benjamin Franklin, 00', 00.00, 45.00, 125.000, 0, '2024-09-20'),
        (95, 95, 95, 48, 'PR', 'Rua Pioneira Romana Sanches Calvo, 552', 00.00, 80.00, 420.000, 0, '2024-06-17'),
        (96, 96, 96, 48, 'PR', 'Rua Pioneiro Alfredo José da Costa, 925', 00.00, 49.00, 330.000, 0, '2024-06-18'),
        (97, 97, 97, 49, 'PE', 'Avenida Boa Viagem, 1516', 00.00, 220.00, 2700.000, 0, '2022-02-07'),
        (98, 98, 98, 49, 'PE', 'Rua Doutor Artur Gonçalves, 25', 00.00, 46.00, 410.000, 0, '2024-09-16'),
        (99, 99, 99, 50, 'PE', 'Rua Carlos Pessoa Monteiro, 118', 00.00, 59.00, 420.000, 0, '2024-01-09'),
        (100, 100, 100, 50, 'PE', 'Rua Joana Noberto Pessoa, 906', 00.00, 85.00, 260.000, 0, '2024-09-19'),
        (101, 101, 101, 51, 'PE', 'Rua Campo Novo, 199', 00.00, 48.00, 100.000, 0, '2024-09-18'),
        (102, 102, 102, 51, 'PE', 'Rua Albert Bruce Sabin, 807', 00.00, 60.00, 280.000, 0, '2024-09-02'),
        (103, 103, 103, 52, 'PI', 'Rua Fiscal Benedito Machado, 01', 00.00, 102.00, 619.000, 0, '2024-08-01'),
        (104, 104, 104, 52, 'PI', 'Rua Demerval Lobão, 2023', 00.00, 86.00, 620.000, 0, '2024-03-24'),
        (105, 106, 106, 53, 'PI', 'Rua Loteamento Morada dos Ventos,, 33', 00.00, 105.00, 235.000, 0, '2024-09-19'),
        (106, 106, 106, 53, 'PI', 'Rua João de Deus Coelho, 40', 00.00, 146.00, 345.000, 0, '2024-05-04'),
        (107, 107, 107, 54, 'PI', 'Rua Landri Sale, 328', 00.00, 193.00, 215.000, 0, '2024-06-29'),
        (108, 108, 108, 54, 'PI', 'Landri Sales, 00', 00.00, 265.00, 225.000, 0, '2024-06-29'),
        (109, 107, 107, 55, 'RJ', 'Rua Aires Saldanha, 66', 00.00, 295.00, 1690.000, 0, '2022-03-29'),
        (110, 110, 110, 55, 'RJ', 'Rua Vinícius de Moraes, 146', 00.00, 47.00, 1290.000, 0, '2024-09-18'),
        (111, 111, 111, 56, 'RJ', 'Rua Mariz e Barros, 225', 00.00, 37.00, 330.000, 0, '2024-04-29'),
        (112, 112, 112, 56, 'RJ', 'Rua Hilton Alexandre dos Santos, 7', 00.00, 450.00, 500.000, 0, '2024-09-19'),
        (113, 113, 113, 57, 'RJ', 'Estrada União e Indústria, 10396', 00.00, 59.00, 780.000, 0, '2024-07-17'),
        (114, 114, 114, 57, 'RJ', 'Avenida Deputado Antônio Florêncio de Queiroz, 398', 00.00, 79.00, 699.000, 0, '2024-09-13'),
        (115, 115, 115, 58, 'RN', 'Rua Padre João Damasceno, 2040', 00.00, 56.00, 260.000, 0, '2024-09-19'),
        (116, 116, 116, 58, 'RN', 'Rua Petronilo Alves, 00', 00.00, 65.00, 50.000, 0, '2023-11-10'),
        (117, 117, 117, 59, 'RN', 'Avenida Conde de Tamandaré, 3', 00.00, 53.00, 241947.00, 0, '2023-08-18'),
        (118, 118, 118, 59, 'RN', 'Rua Timbaúba, 58', 00.00, 63.00, 259999.00, 0, '2024-09-17'),
        (119, 119, 119, 60, 'RN', 'Rua França, 00', 00.00, 100.00, 255.000, 0, '2024-09-19'),
        (120, 120, 120, 60, 'RN', 'Rua Maria Rosa de Araújo, 00', 00.00, 69.00, 180.000, 0, '2024-09-12'),
        (121, 121, 121, 61, 'RS', 'Avenida Bagé, 1198', 00.00, 114.00, 940.000, 0, '2024-09-19'),
        (122, 122, 122, 61, 'RS', 'Rua Irmão Félix Roberto, 100', 00.00, 66.00, 299.000, 0, '2021-01-21'),
        (123, 123, 123, 62, 'RS', 'Rua Doutor Montaury, 823', 00.00, 77.00, 250.000, 0, '2024-09-19'),
        (124, 124, 124, 62, 'RS', 'Rua Tereza Pezzi, 1154', 00.00, 63.00, 269.000, 0, '2024-07-11'),
        (125, 125, 125, 63, 'RS', 'Rua Marcos Costa, 255', 00.00, 45.00, 160.000, 0, '2024-09-20'),
        (126, 126, 126, 63, 'RS', 'Rua General Neto, 939', 00.00, 50.00, 180.000, 0, '2024-03-20'),
        (127, 127, 127, 64, 'RO', 'Avenida dos Imigrantes, 00', 00.00, 72.00, 320.000, 0, '2024-01-22'),
        (128, 128, 128, 64, 'RO', 'Rua Pedro Albeniz, 00', 00.00, 150.00, 300.000, 0, '2024-08-29'),
        (129, 129, 129, 65, 'RO', 'Rua Curitiba, 2745', 00.00, 252.00, 250.000, 0, '2024-06-29'),
        (130, 130, 130, 65, 'RO', 'Marechal Rondon, 01', 00.00, 350.00, 185.000, 0, '2024-02-18'),
        (131, 131, 131, 66, 'RO', 'Rua Salgado Filho, 00', 00.00, 70.00, 80.000, 0, '2024-09-05'),
        (132, 132, 132, 66, 'RO', 'Rua Getúlio Vargas, 979', 00.00, 500.00, 380.000, 0, '2024-07-11'),
        (133, 133, 133, 67, 'RR', 'Rua Mercúrio, 478', 00.00, 257.00, 650.000, 0, '2024-09-20'),
        (134, 134, 134, 67, 'RR', 'Rua Rocilda Moura, 1119', 00.00, 177.00, 680.000, 0, '2024-09-20'),
        (135, 135, 135, 68, 'RR', 'Avenida Firmino Azevedo, 100', 00.00, 450.00, 870.000, 0, '2024-08-21'),
        (136, 136, 136, 68, 'RR', 'Taboca, 00', 00.00, 140.00, 480.000, 0, '2024-04-21'),
        (137, 137, 137, 69, 'RR', 'Sebastião o Barbosa, 00', 00.00, 177.00, 380.000, 0, '2024-09-20'),
        (138, 138, 138, 69, 'RR', 'Travessa Ernesto Nazareth, 00', 00.00, 100.00, 75.000, 0, '2024-09-02'),
        (139, 139, 139, 70, 'SC', 'Rua Heloisa Rojo Machado, 111', 00.00, 76.00, 1150.000, 0, '2024-09-18'),
        (140, 140, 140, 70, 'SC', 'Rua Felipe Schmidt, 303', 00.00, 47.00, 405.000, 0, '2024-09-20'),
        (141, 141, 141, 71, 'SC', 'Rua Expedicionário Holz, 550', 00.00, 29.00, 700.000, 0, '2024-03-01'),
        (142, 142, 142, 71, 'SC', 'Servidão São Severino, 00', 00.00, 60.00, 238.000, 0, '2024-06-28'),
        (143, 143, 143, 72, 'SC', 'Rua Araucária, 01', 00.00, 204.00, 980.000, 0, '2024-09-19'),
        (144, 144, 144, 72, 'SC', 'Rua José João Libório, 169', 00.00, 144.00, 250.000, 0, '2024-09-08'),
        (145, 145, 145, 73, 'SP', 'Rua Doutor Olavo Egídio, 420', 00.00, 55.00, 400.000, 0, '2024-09-11'),
        (146, 146, 146, 73, 'SP', 'Rua Sampaio Viana, 225', 00.00, 187.00, 2300.000, 0, '2024-09-17'),
        (147, 147, 147, 74, 'SP', 'Rua Doutor Guilherme da Silva, 172', 00.00, 54.00, 320.000, 0, '2024-09-19'),
        (148, 148, 148, 74, 'SP', 'Rua Riachuelo, 303', 00.00, 55.00, 355.000, 0, '2024-09-17'),
        (149, 149, 149, 75, 'SP', 'Rua Doutor Baeta Neves, 01', 00.00, 122.00, 285.000, 0, '2024-09-19'),
        (150, 150, 150, 75, 'SP', 'Rua Municipal, 462', 00.00, 74.00, 349.000, 0, '2024-09-20'),
        (151, 151, 151, 76, 'SE', 'Rua José Deodoro Santos, 155', 00.00, 82.00, 450711.00, 0, '2024-09-19'),
        (152, 152, 152, 76, 'SE', 'Rua Lourival Chagas, 143', 00.00, 115.00, 720.000, 0, '2024-09-17'),
        (153, 153, 153, 77, 'SE', 'Avenida Fulgencio José Machado, 278', 00.00, 278.00, 400.000, 0, '2024-04-29'),
        (154, 154, 154, 77, 'SE', 'Eduardo Gomes, 00', 00.00, 60.00, 170.000, 0, '2024-09-14'),
        (155, 155, 155, 78, 'SE', 'Avenida Engenheiro Luciano Santana Galvão, 571', 00.00, 45.00, 138.000, 0, '2024-08-26'),
        (156, 156, 156, 78, 'SE', 'Rua A Vinte e Cinco, 20', 00.00, 185.00, 300.000, 0, '2024-08-23'),
        (157, 157, 157, 79, 'TO', 'Quadra ARSE 51 Alameda 2, 12', 00.00, 90.00, 580.000, 0, '2024-09-19'),
        (158, 158, 158, 79, 'TO', 'Orla 14 Avenida LO 3, 31', 00.00, 64.00, 450.000, 0, '2024-08-26'),
        (159, 159, 159, 80, 'TO', 'Rua Vinte e Cinco de Dezembro, 03', 00.00, 550.00, 1050.000, 0, '2024-06-28'),
        (160, 160, 160, 80, 'TO', 'Avenida Primeiro de Janeiro, 01', 00.00, 185.00, 450.000, 0, '2024-09-04'),
        (161, 161, 161, 81, 'TO', 'Rua Engenheiro Bernardo Sayão, 00', 00.00, 180.00, 280.000, 0, '2024-07-19'),
        (162, 162, 162, 81, 'TO', 'Alameda Leste, 00', 00.00, 65.00, 525.000, 0, '2024-11-16');

        insert into oferta (cdOferta, cdImovel, cdComprador, vlOferta, dtOferta)
values  (1, 1, 1, 390.000, '2024-03-23'),
        (2, 2, 1, 650.000, '2024-05-22'),
        (3, 3, 1, 347.800, '202-09-17'),
        (4, 4, 1, 1600.000, '2024-10-04'),
        (5, 5, 1, 67830.00, '2024-08-29'),
        (6, 6, 2, 100.000, '2024-10-04'),
        (7, 7, 2, 800.000, '2024-08-15'),
        (8, 8, 2, 530.000,  '2024-09-03'),
        (9, 9, 2, 213.000, '2024-09-19'),
        (10, 10, 2,  299.000, '2024-08-19'),
        (11, 11, 3, 513.000, '2024-09-18'),
        (12, 12, 3, 30.000, '2024-04-08'),
        (13, 13, 3, 600.000, '2024-05-15'),
        (14, 14, 3,  29800.00, '2024-06-08'),
        (15, 15, 4, 340.000, '2024-11-28'),
        (16, 16, 4, 250.000, '2024-04-14'),
        (17, 17, 4, 550.000, '2024-04-14'),
        (18, 18, 4, 290.000, '2024-07-04'),
        (19, 19, 4, 1249.871, '2024-06-24'),
        (20, 20, 4, 311.757, '2024-02-06'),
        (21, 21, 5, 170.000, '2024-06-13'),
        (22, 22, 5, 57.900, '2024-09-06'),
        (23, 23, 5, 349.999, '2024-06-29'),
        (24, 24, 5, 15000.000, '2024-10-10'),
        (25, 25, 5, 220.000, '2024-09-20'),
        (26, 26, 6, 1350.000, '2024-01-11'),
        (27, 27, 6, 1700.000, '2024-09-17'),
        (28, 28, 6, 220.000, '2024-09-12'),
        (29, 29, 6, 485.000, '2024-06-20'),
        (30, 30, 6, 240.000, '2024-06-05'),
        (31, 31, 7, 2076.291, '2024-06-30'),
        (32, 32, 7, 899.000, '2024-06-22'),
        (33, 33, 7, 400.000,  '2024-09-13'),
        (34, 34, 7, 490.000, '2023-11-23'),
        (35, 35, 7, 400.000, '2024-08-23'),
        (36, 36, 8, 750.000, '2023-09-14'),
        (37, 37, 8, 20000.000, '2024-04-16'),
        (38, 38, 8, 269.000, '2024-04-08'),
        (39, 39, 8, 720.000, '2024-01-22'),
        (40, 40, 8, 610.000, '2024-06-05'),
        (41, 41, 9, 110.000, '2024-08-16'),
        (42, 42, 9, 280.000, '2024-05-13'),
        (43, 43, 9, 502.000, '2024-09-20'),
        (44, 44, 9, 700.000, '2024-06-04'),
        (45, 45, 9, 565.000, '2024-09-20'),
        (46, 46, 10, 495.000, '2024-09-03'),
        (47, 47, 10, 300.000, '2024-09-20'),
        (48, 48, 10, 320.000, '2024-09-19'),
        (49, 49, 10, 1650.000, '2024-09-20'),
        (50, 50, 10, 450.000, '2024-09-20');

insert into faixaimovel (cdFaixa, nmFaixa, vlMinimo, vlMaximo)
values 	(1, 'baixo', '0.00', '105000.00'),
		(2, 'medio', '105001.00', '180000.00'),
		(3, 'alto', '180001.00', '999999.00');

set foreign_key_checks=0;

